,sequence,20_count,20_percent,21_count,21_percent,22_count,22_percent,23_count,23_percent,24_count,24_percent,total_reads_seq,percent_mean,sd
1,TGTTGTGGCTCTGTCTGCTCTGAGGAGGGCTGTGGCCAAGGCTGCTGCCAGCC,2.0,0.4,0.0,0.0,0.0,0.0,0.0,0.0,0.0,0.0,2.0,0.08,0.17888543819998318
2,ATCTGGTCGGAGCCGCAGCACCGACCTTGTACAGCTCGTCCATGCCGCCG,1.0,0.2,3.0,0.23076923076923078,0.0,0.0,0.0,0.0,1.0,0.16666666666666666,5.0,0.11948717948717949,0.11140723196744572
15,GAGCTCCAGATGGCTCTTAAACAGTAGTTGCCGTCGTCC,0.0,0.0,0.0,0.0,3.0,0.42857142857142855,212.0,0.9137931034482759,1.0,0.16666666666666666,216.0,0.3018062397372742,0.3843936951074377
