,sequence,7_count,7_percent,8_count,8_percent,9_count,9_percent,10_count,10_percent,11_count,11_percent,12_count,12_percent,percent_sum_unit,percent_sum,total_reads_seq,variance,sd
1,CCTCTCCAGACGGTAGAAGACCTCCCTCCACACGTGCATCTCACGCTTGACCCAGCGCTCCAGGTTGGCGATGGT,120.0,0.594059405940594,113.0,0.8828125,144.0,0.9,96.0,0.8807339449541285,31.0,0.8378378378378378,45.0,0.8653846153846154,4.960828304117175,0.8268047173528629,549.0,0.013436660194536551,0.11591660879501502
2,CCTCTCCAGACGGTAGAAGCCCTCCCTCCACACGTGCATCTCACGCTTGACCCAGCGCTCCAGGTTGGCGATGGT,26.0,0.12871287128712872,0.0,0.0,0.0,0.0,0.0,0.0,0.0,0.0,0.0,0.0,0.12871287128712872,0.021452145214521462,26.0,0.0027611672058294933,0.05254680966366553
3,GCTCTCCAGACGGTAGAAGACCTCCCTCCACACGTGCATCTCACGCTTGACCCAGCGCTCCAGGTTGGCGATGGT,22.0,0.10891089108910891,0.0,0.0,0.0,0.0,0.0,0.0,0.0,0.0,0.0,0.0,0.10891089108910891,0.01815181518151816,22.0,0.001976930366303958,0.0444626851000247
