,sequence,1_count,1_percent,2_count,2_percent,3_count,3_percent,4_count,4_percent,5_count,5_percent,6_count,6_percent,total_reads_seq,percent_mean,sd
1,GTGTCTCCGGTCCCCAAAATCCCTCCCGGTGGGAGGCGCGCAGCAGAGCACATTAGTCACTCGGGGCTGTGAAGG,47.0,0.7833333333333333,16.0,0.36363636363636365,1.0,0.05263157894736842,20.0,0.20408163265306123,38.0,0.6666666666666666,29.0,0.7435897435897436,151.0,0.46898988647108947,0.3059159954961275
