,sequence,30_S20_count,30_S20_percent,28_S18_count,28_S18_percent,29_S19_count,29_S19_percent,total_reads_seq,percent_mean,sd
0,TTGCTCACCATGGTGGCGCGCCTGTTAACAGGCTAAGAACTCCTCTGAGGCAGAA,375433.0,0.8231609320151638,0.0,0.0,161483.0,0.7189708062670579,536916.0,0.5140439127607406,0.44821284426110597
1,TTGCTCACCATGGTGGCGCGCCTGTTCGAACAGGCTAAGAACTCCTCTGAGGCAG,44042.0,0.0965649097650229,0.0,0.0,0.0,0.0,44042.0,0.032188303255007635,0.05575177664710789
2,TTGCTCACCATGGTGGCGCGCCTAACAGGCTAAGAACTCCTCTGAGGCAGAAGCC,21923.0,0.04806758359698917,0.0,0.0,0.0,0.0,21923.0,0.016022527865663057,0.027751832329016537
3,TTGCTCACCATGGTGGCGCGCCAGTTGGAGCAGGCTAAGAACGCCTCGGAGGCAG,361.0,0.0007915156538116631,0.0,0.0,0.0,0.0,361.0,0.0002638385512705544,0.00045698177579596633
14301,TTGCTCACCATGGTGGCGCGCCTGTTACAGGCTAAGAACTCCTCTGAGGCAGAAG,0.0,0.0,178119.0,0.9898799599866622,33661.0,0.1498688797567263,211780.0,0.37991627991446286,0.5335325093518662
16123,TTGCTCACCATGGTGGCGCGCCTGTTACGAACAGGCTAAGAACTCCTCTGAGGCA,0.0,0.0,0.0,0.0,23614.0,0.10513661883412065,23614.0,0.03504553961137355,0.06070065518556664
16124,TTGCTCACCATGGTGGCGCGCCTGTTGCGGAGCCGCAGCACCGACGGCCCTCTGC,0.0,0.0,0.0,0.0,13.0,5.787990365222192e-05,13.0,1.9293301217407306e-05,3.341697795427993e-05
