,sequence,count_x,count_y,count,total_reads_seq,count_percent,count_percent,count_percent,percent_mean,sd
0,TTGCTCACCATGGTGGCGCGCCTGTTAACAGGCTAAGAACTCCTCTGAGGCAGAA,375433.0,0.0,161483.0,536916.0,0.8498593124305334,0.0,0.7381371388346719,0.5293321504217351,0.3999357965231604
14301,TTGCTCACCATGGTGGCGCGCCTGTTACAGGCTAAGAACTCCTCTGAGGCAGAAG,0.0,178119.0,33661.0,211780.0,0.0,1.0,0.15386408619058284,0.3846213620635276,0.4663180435144774
16123,TTGCTCACCATGGTGGCGCGCCTGTTACGAACAGGCTAAGAACTCCTCTGAGGCA,0.0,0.0,23614.0,23614.0,0.0,0.0,0.10793935210791193,0.035979784035970644,0.05396967605395597
1,TTGCTCACCATGGTGGCGCGCCTGTTCGAACAGGCTAAGAACTCCTCTGAGGCAG,44042.0,0.0,0.0,44042.0,0.0996968935550832,0.0,0.0,0.033232297851694396,0.0498484467775416
2,TTGCTCACCATGGTGGCGCGCCTAACAGGCTAAGAACTCCTCTGAGGCAGAAGCC,21923.0,0.0,0.0,21923.0,0.04962660636229256,0.0,0.0,0.01654220212076419,0.02481330318114628
3,TTGCTCACCATGGTGGCGCGCCAGTTGGAGCAGGCTAAGAACGCCTCGGAGGCAG,361.0,0.0,0.0,361.0,0.0008171876520908459,0.0,0.0,0.00027239588403028196,0.00040859382604542294
16124,TTGCTCACCATGGTGGCGCGCCTGTTGCGGAGCCGCAGCACCGACGGCCCTCTGC,0.0,0.0,13.0,13.0,0.0,0.0,5.942286683335543e-05,1.9807622277785143e-05,2.9711433416677714e-05
