,sequence,30_S20_count,28_S18_count,29_S19_count,total_reads_seq,30_percent,28_percent,29_percent,percent_mean,sd
0,TTGCTCACCATGGTGGCGCGCCTGTTAACAGGCTAAGAACTCCTCTGAGGCAGAA,375433.0,0.0,161483.0,536916.0,0.8498593124305334,0.0,0.7381371388346719,0.5293321504217351,0.4618060795624282
14301,TTGCTCACCATGGTGGCGCGCCTGTTACAGGCTAAGAACTCCTCTGAGGCAGAAG,0.0,178119.0,33661.0,211780.0,0.0,1.0,0.15386408619058284,0.38462136206352765,0.5384576959021263
16123,TTGCTCACCATGGTGGCGCGCCTGTTACGAACAGGCTAAGAACTCCTCTGAGGCA,0.0,0.0,23614.0,23614.0,0.0,0.0,0.10793935210791193,0.035979784035970644,0.06231881399565675
1,TTGCTCACCATGGTGGCGCGCCTGTTCGAACAGGCTAAGAACTCCTCTGAGGCAG,44042.0,0.0,0.0,44042.0,0.0996968935550832,0.0,0.0,0.033232297851694396,0.05756002833139675
2,TTGCTCACCATGGTGGCGCGCCTAACAGGCTAAGAACTCCTCTGAGGCAGAAGCC,21923.0,0.0,0.0,21923.0,0.04962660636229256,0.0,0.0,0.016542202120764186,0.028651934542237203
3,TTGCTCACCATGGTGGCGCGCCAGTTGGAGCAGGCTAAGAACGCCTCGGAGGCAG,361.0,0.0,0.0,361.0,0.0008171876520908459,0.0,0.0,0.00027239588403028196,0.0004718035109130881
16124,TTGCTCACCATGGTGGCGCGCCTGTTGCGGAGCCGCAGCACCGACGGCCCTCTGC,0.0,0.0,13.0,13.0,0.0,0.0,5.942286683335543e-05,1.9807622277785143e-05,3.430780816225704e-05
