,sequence,20_S16_count,20_S16_percent,21_S17_count,21_S17_percent,19_S15_count,19_S15_percent,percent_sum_unit,percent_sum,total_reads_seq,variance,sd
9,CCTCTCCAGACGGTAGAAGACCTCCCTCCACACGTGCATCTCACGCTTGACCCAGCGCTCCAGGTTGGCGATGGT,1.0,0.030303030303030304,41.0,0.3178294573643411,24.0,0.3582089552238806,0.706341442891252,0.23544714763041732,66.0,0.03197070761737169,0.17880354475617
0,CTGTACAAGATGGAGCTGGACCATATGACCCGGTGCACCGGCGGCCTCCACGCCTACCC,3.0,0.09090909090909091,36.0,0.27906976744186046,16.0,0.23880597014925373,0.6087848285002051,0.20292827616673503,55.0,0.009816516742444827,0.09907833639320367
2,CTGTACAAGATGGAGCTGGACCATATGACCCGGTGCACCGGCGGCCTCCCCGCCTACCC,2.0,0.06060606060606061,14.0,0.10852713178294573,0.0,0.0,0.16913319238900634,0.05637773079633545,16.0,0.0029579436629930756,0.05438698063868848
